{"train_tot_loss": 5.799018383026123, "_timestamp": 1694021841.5791206, "_runtime": 14.035658597946167, "_step": 2}