{"train_kl_reg": 24576.0, "_timestamp": 1693852646.543927, "_runtime": 341.3449499607086, "_step": 26}