{"train_kl_reg": 6144.0, "_timestamp": 1693838859.0091121, "_runtime": 211.93668913841248, "_step": 6}