{"train_kl_reg": 6144.0, "_timestamp": 1693819555.749609, "_runtime": 14.142673969268799, "_step": 2}