{"sinkorn_divergence": 3.247074842453003, "_timestamp": 1693912226.8818057, "_runtime": 151.7543637752533, "_step": 19}