{"train_kl_reg": 24576.0, "_timestamp": 1693911156.507418, "_runtime": 183.2856149673462, "_step": 26}