{"train_tot_loss": 0.14085325598716736, "_timestamp": 1694009440.91489, "_runtime": 425.20159697532654, "_step": 7}