{"train_tot_loss": 0.9500386118888855, "_timestamp": 1694008581.9592757, "_runtime": 31.119197607040405, "_step": 2}