{"train_kl_reg": 6144.0, "_timestamp": 1693842690.0957487, "_runtime": 205.79831457138062, "_step": 6}