{"train_kl_reg": 24708.603515625, "_timestamp": 1693850434.573247, "_runtime": 13.437484979629517, "_step": 2}