{"train_tot_loss": 0.17243632674217224, "_timestamp": 1694010075.9158697, "_runtime": 390.35625672340393, "_step": 17}