{"train_kl_reg": 24576.0, "_timestamp": 1693850271.7378025, "_runtime": 588.3305625915527, "_step": 26}