{"sinkorn_divergence": 7.7393693923950195, "_timestamp": 1693818515.5383942, "_runtime": 426.49253511428833, "_step": 31}