{"train_kl_reg": 24576.0, "_timestamp": 1693915176.5542152, "_runtime": 1301.327795267105, "_step": 114}