{"train_kl_reg": 6144.0, "_timestamp": 1693779866.6708314, "_runtime": 1309.0519514083862, "_step": 30}