{"train_tot_loss": 0.819572925567627, "_timestamp": 1694012738.5169382, "_runtime": 12.951329231262207, "_step": 2}