{"train_kl_reg": 6144.0, "_timestamp": 1693842852.0557876, "_runtime": 11.505114555358887, "_step": 2}