{"sinkorn_divergence": 3.200007200241089, "_timestamp": 1693854713.1067824, "_runtime": 355.70198154449463, "_step": 19}