{"train_kl_reg": 6144.0, "_timestamp": 1693818387.361971, "_runtime": 451.548752784729, "_step": 30}