{"train_tot_loss": 0.6463923454284668, "_timestamp": 1694017891.530169, "_runtime": 16.726952075958252, "_step": 2}