{"train_kl_reg": 34954.59375, "_timestamp": 1693862129.5684776, "_runtime": 993.1572866439819, "_step": 102}