{"sinkorn_divergence": 44.480857849121094, "_timestamp": 1693855271.7940757, "_runtime": 234.92359972000122, "_step": 15}