{"train_kl_reg": 6144.0, "_timestamp": 1693821862.99721, "_runtime": 485.27410793304443, "_step": 30}