{"train_kl_reg": 6144.0, "_timestamp": 1693836543.9742076, "_runtime": 12.945768594741821, "_step": 2}