{"train_kl_reg": 6144.0, "_timestamp": 1693820480.552681, "_runtime": 609.1154160499573, "_step": 30}