{"train_kl_reg": 6153.7783203125, "_timestamp": 1693779045.9253807, "_runtime": 14.38042163848877, "_step": 2}