{"train_kl_reg": 24576.0, "_timestamp": 1693861017.4535432, "_runtime": 6.746389150619507, "_step": 2}