{"test_sinkhorn_divergence": 2.2205958366394043, "_timestamp": 1694007557.8368685, "_runtime": 609.2467374801636, "_step": 24}