{"train_tot_loss": 0.8181735873222351, "_timestamp": 1694012886.4677732, "_runtime": 13.137628316879272, "_step": 2}