{"train_kl_reg": 6144.0, "_timestamp": 1693840762.6206126, "_runtime": 683.1301777362823, "_step": 14}