{"train_kl_reg": 6144.0, "_timestamp": 1693836321.0302124, "_runtime": 12.8459153175354, "_step": 2}