{"train_kl_reg": 6144.0, "_timestamp": 1693819682.8964632, "_runtime": 12.877936124801636, "_step": 2}