{"train_kl_reg": 6144.0, "_timestamp": 1693847451.7443173, "_runtime": 318.55110120773315, "_step": 10}