{"train_kl_reg": 6144.0, "_timestamp": 1693816362.3953476, "_runtime": 208.40947771072388, "_step": 6}