{"test_sinkhorn_divergence": 2.3701705932617188, "_timestamp": 1693998806.995529, "_runtime": 366.25578689575195, "_step": 19}