{"train_kl_reg": 24576.04296875, "_timestamp": 1693913707.6569054, "_runtime": 252.1568603515625, "_step": 18}