{"train_kl_reg": 35069.2265625, "_timestamp": 1693913506.6138506, "_runtime": 265.73680567741394, "_step": 22}