{"train_kl_reg": 24615.5703125, "_timestamp": 1693850920.2335389, "_runtime": 15.301994800567627, "_step": 2}