{"sinkorn_divergence": 3.106288194656372, "_timestamp": 1693901519.367454, "_runtime": 490.4814131259918, "_step": 39}