{"train_tot_loss": 0.5977392196655273, "_timestamp": 1694010401.694982, "_runtime": 231.11290311813354, "_step": 7}