{"train_kl_reg": 24576.0, "_timestamp": 1693848133.7155821, "_runtime": 14.2553071975708, "_step": 2}