{"train_tot_loss": 5.799018383026123, "_timestamp": 1694022109.4688354, "_runtime": 14.68617844581604, "_step": 2}