{"train_tot_loss": 0.6455415487289429, "_timestamp": 1694018232.3749938, "_runtime": 16.545560836791992, "_step": 2}