{"sinkorn_divergence": 2.981135606765747, "_timestamp": 1693849564.632978, "_runtime": 1259.7188889980316, "_step": 59}