{"train_kl_reg": 6144.0, "_timestamp": 1693844332.9334173, "_runtime": 84.68468523025513, "_step": 6}