{"train_kl_reg": 24576.0, "_timestamp": 1693900783.072722, "_runtime": 977.3404378890991, "_step": 102}