{"sinkorn_divergence": 64.7073745727539, "_timestamp": 1693851067.1124454, "_runtime": 43.32395529747009, "_step": 3}