{"train_kl_reg": 33254.8203125, "_timestamp": 1693851588.9307437, "_runtime": 383.5147247314453, "_step": 18}