{"sinkorn_divergence": 14.936948776245117, "_timestamp": 1693845461.5279522, "_runtime": 687.0944561958313, "_step": 47}