{"train_tot_loss": 0.8188781142234802, "_timestamp": 1694011677.9764802, "_runtime": 13.687250137329102, "_step": 2}