{"train_kl_reg": 6144.0, "_timestamp": 1693816987.2226536, "_runtime": 478.7366826534271, "_step": 30}