{"train_kl_reg": 24576.0, "_timestamp": 1693914962.326841, "_runtime": 1080.3469970226288, "_step": 114}