{"train_kl_reg": 24576.0, "_timestamp": 1693856749.1204047, "_runtime": 824.7503507137299, "_step": 90}